ticket,jira_found,is_valid_bug_fixed,has_affected_versions,has_fix_versions,commits_found,non_merge_commits_found,fix_like_commits_found,java_files_touched,linked_to_git,linked_to_java,usable_for_szz
SYNCOPE-1963,YES,YES,YES,YES,2,2,0,5,YES,YES,YES
SYNCOPE-1962,YES,YES,YES,YES,1,1,0,0,YES,NO,NO
SYNCOPE-1960,YES,YES,YES,YES,3,3,0,36,YES,YES,YES
SYNCOPE-1959,YES,YES,YES,YES,2,2,0,2,YES,YES,YES
SYNCOPE-1957,YES,YES,YES,YES,4,4,0,22,YES,YES,YES
SYNCOPE-1956,YES,YES,YES,YES,3,3,0,37,YES,YES,YES
SYNCOPE-1945,YES,YES,YES,YES,3,3,0,40,YES,YES,YES
SYNCOPE-1944,YES,YES,YES,YES,2,2,2,19,YES,YES,YES
SYNCOPE-1943,YES,YES,YES,YES,3,3,3,0,YES,NO,NO
SYNCOPE-1942,YES,YES,YES,YES,2,2,0,30,YES,YES,YES
SYNCOPE-1937,YES,YES,YES,YES,4,4,4,11,YES,YES,YES
SYNCOPE-1936,YES,YES,YES,YES,3,3,0,30,YES,YES,YES
SYNCOPE-1933,YES,YES,YES,YES,3,3,0,23,YES,YES,YES
SYNCOPE-1928,YES,YES,YES,YES,2,2,0,142,YES,YES,YES
SYNCOPE-1925,YES,YES,YES,YES,3,3,0,91,YES,YES,YES
SYNCOPE-1924,YES,YES,YES,YES,3,3,3,6,YES,YES,YES
SYNCOPE-1919,YES,YES,YES,YES,2,2,0,14,YES,YES,YES
SYNCOPE-1915,YES,YES,YES,YES,2,2,0,4,YES,YES,YES
SYNCOPE-1913,YES,YES,YES,YES,2,2,0,0,YES,NO,NO
SYNCOPE-1912,YES,YES,YES,YES,5,5,2,12,YES,YES,YES
SYNCOPE-1911,YES,YES,YES,YES,2,2,0,22,YES,YES,YES
SYNCOPE-1910,YES,YES,YES,YES,2,2,0,8,YES,YES,YES
SYNCOPE-1905,YES,YES,YES,YES,2,2,2,4,YES,YES,YES
SYNCOPE-1904,YES,YES,YES,YES,3,3,0,14,YES,YES,YES
SYNCOPE-1902,YES,YES,YES,YES,3,3,0,3,YES,YES,YES
SYNCOPE-1899,YES,YES,YES,YES,4,4,0,0,YES,NO,NO
SYNCOPE-1896,YES,YES,YES,YES,4,4,3,8,YES,YES,YES
SYNCOPE-1895,YES,YES,YES,YES,3,3,0,14,YES,YES,YES
SYNCOPE-1891,YES,YES,YES,YES,3,3,0,3,YES,YES,YES
SYNCOPE-1890,YES,YES,YES,YES,2,2,0,4,YES,YES,YES
SYNCOPE-1888,YES,YES,YES,YES,3,3,0,3,YES,YES,YES
SYNCOPE-1884,YES,YES,YES,YES,3,3,0,6,YES,YES,YES
SYNCOPE-1883,YES,YES,YES,YES,3,3,0,33,YES,YES,YES
SYNCOPE-1882,YES,YES,YES,YES,6,6,2,18,YES,YES,YES
SYNCOPE-1881,YES,YES,YES,YES,2,2,0,6,YES,YES,YES
SYNCOPE-1878,YES,YES,YES,YES,5,5,0,5,YES,YES,YES
SYNCOPE-1875,YES,YES,YES,YES,3,3,0,3,YES,YES,YES
SYNCOPE-1873,YES,YES,YES,YES,3,3,0,9,YES,YES,YES
SYNCOPE-1871,YES,YES,YES,YES,2,2,0,40,YES,YES,YES
SYNCOPE-1867,YES,YES,YES,YES,2,2,0,4,YES,YES,YES
SYNCOPE-1864,YES,YES,YES,YES,3,3,1,25,YES,YES,YES
SYNCOPE-1862,YES,YES,YES,YES,1,1,1,10,YES,YES,YES
SYNCOPE-1860,YES,YES,YES,YES,2,2,0,0,YES,NO,NO
SYNCOPE-1858,YES,YES,YES,YES,2,2,0,2,YES,YES,YES
SYNCOPE-1857,YES,YES,YES,YES,1,1,0,10,YES,YES,YES
SYNCOPE-1856,YES,YES,YES,YES,2,2,0,8,YES,YES,YES
SYNCOPE-1851,YES,YES,YES,YES,4,4,4,6,YES,YES,YES
SYNCOPE-1850,YES,YES,YES,YES,1,1,0,4,YES,YES,YES
SYNCOPE-1849,YES,YES,YES,YES,2,2,0,2,YES,YES,YES
SYNCOPE-1848,YES,YES,YES,YES,1,1,0,2,YES,YES,YES
SYNCOPE-1846,YES,YES,YES,YES,4,4,0,9,YES,YES,YES
SYNCOPE-1840,YES,YES,YES,YES,2,2,0,32,YES,YES,YES
SYNCOPE-1839,YES,YES,YES,YES,2,2,0,6,YES,YES,YES
SYNCOPE-1838,YES,YES,YES,YES,2,2,0,4,YES,YES,YES
SYNCOPE-1837,YES,YES,YES,YES,2,2,0,6,YES,YES,YES
SYNCOPE-1833,YES,YES,YES,YES,2,2,0,2,YES,YES,YES
SYNCOPE-1831,YES,YES,YES,YES,2,2,2,22,YES,YES,YES
SYNCOPE-1828,YES,YES,YES,YES,2,2,0,2,YES,YES,YES
SYNCOPE-1825,YES,YES,YES,YES,1,1,0,2,YES,YES,YES
SYNCOPE-1820,YES,YES,YES,YES,2,2,0,6,YES,YES,YES
SYNCOPE-1817,YES,YES,YES,YES,2,2,2,0,YES,NO,NO
SYNCOPE-1813,YES,YES,YES,YES,2,2,0,12,YES,YES,YES
SYNCOPE-1812,YES,YES,YES,YES,2,2,0,0,YES,NO,NO
SYNCOPE-1808,YES,YES,YES,YES,2,2,2,4,YES,YES,YES
SYNCOPE-1806,YES,YES,YES,YES,4,4,4,24,YES,YES,YES
SYNCOPE-1803,YES,YES,YES,YES,2,2,0,2,YES,YES,YES
SYNCOPE-1800,YES,YES,YES,YES,2,2,2,4,YES,YES,YES
SYNCOPE-1798,YES,YES,YES,YES,2,2,2,4,YES,YES,YES
SYNCOPE-1794,YES,YES,YES,YES,2,2,0,12,YES,YES,YES
SYNCOPE-1793,YES,YES,YES,YES,2,2,0,4,YES,YES,YES
SYNCOPE-1792,YES,YES,YES,YES,2,2,0,4,YES,YES,YES
SYNCOPE-1791,YES,YES,YES,YES,4,4,2,40,YES,YES,YES
SYNCOPE-1790,YES,YES,YES,YES,2,2,2,8,YES,YES,YES
SYNCOPE-1785,YES,YES,YES,YES,2,2,0,120,YES,YES,YES
SYNCOPE-1778,YES,YES,YES,YES,2,2,0,2,YES,YES,YES
SYNCOPE-1777,YES,YES,YES,YES,2,2,0,18,YES,YES,YES
SYNCOPE-1774,YES,YES,YES,YES,1,1,0,9,YES,YES,YES
SYNCOPE-1770,YES,YES,YES,YES,2,2,2,20,YES,YES,YES
SYNCOPE-1767,YES,YES,YES,YES,3,3,3,27,YES,YES,YES
SYNCOPE-1766,YES,YES,YES,YES,0,0,0,0,NO,NO,NO
SYNCOPE-1764,YES,YES,YES,YES,2,2,0,28,YES,YES,YES
SYNCOPE-1763,YES,YES,YES,YES,3,3,0,77,YES,YES,YES
SYNCOPE-1761,YES,YES,YES,YES,2,2,0,6,YES,YES,YES
SYNCOPE-1757,YES,YES,YES,YES,2,2,0,6,YES,YES,YES
SYNCOPE-1756,YES,YES,YES,YES,1,1,0,6,YES,YES,YES
SYNCOPE-1755,YES,YES,YES,YES,4,4,1,7,YES,YES,YES
SYNCOPE-1750,YES,YES,YES,YES,5,5,0,90,YES,YES,YES
SYNCOPE-1749,YES,YES,YES,YES,3,3,0,3,YES,YES,YES
SYNCOPE-1744,YES,YES,YES,YES,4,4,0,15,YES,YES,YES
SYNCOPE-1742,YES,YES,YES,YES,2,2,0,2,YES,YES,YES
SYNCOPE-1739,YES,YES,YES,YES,2,2,0,0,YES,NO,NO
SYNCOPE-1737,YES,YES,YES,YES,4,4,0,76,YES,YES,YES
SYNCOPE-1736,YES,YES,YES,YES,2,2,0,2,YES,YES,YES
SYNCOPE-1735,YES,YES,YES,YES,2,2,0,10,YES,YES,YES
SYNCOPE-1734,YES,YES,YES,YES,3,3,0,7,YES,YES,YES
SYNCOPE-1731,YES,YES,YES,YES,3,3,0,20,YES,YES,YES
SYNCOPE-1730,YES,YES,YES,YES,2,2,2,2,YES,YES,YES
SYNCOPE-1727,YES,YES,YES,YES,2,2,0,12,YES,YES,YES
SYNCOPE-1726,YES,YES,YES,YES,2,2,0,21,YES,YES,YES
SYNCOPE-1725,YES,YES,YES,YES,2,2,0,4,YES,YES,YES
SYNCOPE-1715,YES,YES,YES,YES,1,1,0,3,YES,YES,YES
SYNCOPE-1712,YES,YES,YES,YES,1,1,0,0,YES,NO,NO
SYNCOPE-1711,YES,YES,YES,YES,1,1,0,2,YES,YES,YES
SYNCOPE-1707,YES,YES,YES,YES,1,1,0,0,YES,NO,NO
SYNCOPE-1706,YES,YES,YES,YES,2,2,0,2,YES,YES,YES
SYNCOPE-1704,YES,YES,YES,YES,2,2,0,21,YES,YES,YES
SYNCOPE-1701,YES,YES,YES,YES,1,1,1,0,YES,NO,NO
SYNCOPE-1693,YES,YES,YES,YES,2,2,0,2,YES,YES,YES
SYNCOPE-1691,YES,YES,YES,YES,2,2,0,20,YES,YES,YES
SYNCOPE-1690,YES,YES,YES,YES,1,1,0,1,YES,YES,YES
SYNCOPE-1686,YES,YES,YES,YES,3,3,0,17,YES,YES,YES
SYNCOPE-1684,YES,YES,YES,YES,1,1,0,13,YES,YES,YES
SYNCOPE-1683,YES,YES,YES,YES,2,2,0,8,YES,YES,YES
SYNCOPE-1677,YES,YES,YES,YES,1,1,1,0,YES,NO,NO
SYNCOPE-1676,YES,YES,YES,YES,1,1,0,0,YES,NO,NO
SYNCOPE-1672,YES,YES,YES,YES,1,1,0,1,YES,YES,YES
SYNCOPE-1671,YES,YES,YES,YES,2,2,2,2,YES,YES,YES
SYNCOPE-1664,YES,YES,YES,YES,2,2,0,2,YES,YES,YES
SYNCOPE-1663,YES,YES,YES,YES,4,4,0,45,YES,YES,YES
SYNCOPE-1660,YES,YES,YES,YES,2,2,0,2,YES,YES,YES
SYNCOPE-1659,YES,YES,YES,YES,2,2,2,2,YES,YES,YES
SYNCOPE-1657,YES,YES,YES,YES,2,2,0,2,YES,YES,YES
SYNCOPE-1656,YES,YES,YES,YES,4,4,0,21,YES,YES,YES
SYNCOPE-1654,YES,YES,YES,YES,3,3,0,24,YES,YES,YES
SYNCOPE-1651,YES,YES,YES,YES,3,3,0,16,YES,YES,YES
SYNCOPE-1650,YES,YES,YES,YES,2,2,0,53,YES,YES,YES
SYNCOPE-1649,YES,YES,YES,YES,2,2,0,2,YES,YES,YES
SYNCOPE-1648,YES,YES,YES,YES,2,2,0,6,YES,YES,YES
SYNCOPE-1644,YES,YES,YES,YES,4,4,2,9,YES,YES,YES
SYNCOPE-1643,YES,YES,YES,YES,2,2,0,2,YES,YES,YES
SYNCOPE-1640,YES,YES,YES,YES,2,2,2,4,YES,YES,YES
SYNCOPE-1635,YES,YES,YES,YES,2,2,0,2,YES,YES,YES
SYNCOPE-1634,YES,YES,YES,YES,2,2,0,2,YES,YES,YES
SYNCOPE-1629,YES,YES,YES,YES,4,4,0,10,YES,YES,YES
SYNCOPE-1628,YES,YES,YES,YES,4,4,0,21,YES,YES,YES
SYNCOPE-1627,YES,YES,NO,NO,1,1,1,0,YES,NO,NO
SYNCOPE-1626,YES,YES,NO,YES,1,1,1,18,YES,YES,YES
SYNCOPE-1623,YES,YES,NO,NO,0,0,0,0,NO,NO,NO
SYNCOPE-1622,YES,YES,YES,YES,3,3,0,9,YES,YES,YES
SYNCOPE-1620,YES,YES,YES,YES,3,3,0,3,YES,YES,YES
SYNCOPE-1619,YES,YES,YES,YES,4,4,2,16,YES,YES,YES
SYNCOPE-1616,YES,YES,YES,YES,2,2,0,14,YES,YES,YES
SYNCOPE-1613,YES,YES,YES,YES,2,2,0,2,YES,YES,YES
SYNCOPE-1612,YES,YES,YES,YES,4,4,2,13,YES,YES,YES
SYNCOPE-1607,YES,YES,YES,YES,3,3,3,6,YES,YES,YES
SYNCOPE-1606,YES,YES,YES,YES,2,2,2,2,YES,YES,YES
SYNCOPE-1605,YES,YES,YES,YES,2,2,0,14,YES,YES,YES
SYNCOPE-1604,YES,YES,YES,YES,2,2,0,5,YES,YES,YES
SYNCOPE-1603,YES,YES,YES,YES,2,2,0,22,YES,YES,YES
SYNCOPE-1602,YES,YES,YES,YES,2,2,0,2,YES,YES,YES
SYNCOPE-1601,YES,YES,YES,YES,2,2,0,2,YES,YES,YES
SYNCOPE-1598,YES,YES,YES,YES,2,2,0,6,YES,YES,YES
SYNCOPE-1596,YES,YES,YES,YES,2,2,0,3,YES,YES,YES
SYNCOPE-1590,YES,YES,YES,YES,1,1,1,1,YES,YES,YES
SYNCOPE-1586,YES,YES,YES,YES,2,2,0,2,YES,YES,YES
SYNCOPE-1583,YES,YES,YES,YES,5,5,5,9,YES,YES,YES
SYNCOPE-1581,YES,YES,YES,YES,1,1,1,2,YES,YES,YES
SYNCOPE-1573,YES,YES,YES,YES,3,3,0,3,YES,YES,YES
SYNCOPE-1569,YES,YES,YES,YES,2,2,0,8,YES,YES,YES
SYNCOPE-1567,YES,YES,YES,YES,3,3,0,6,YES,YES,YES
SYNCOPE-1565,YES,YES,YES,YES,3,3,2,330,YES,YES,YES
SYNCOPE-1564,YES,YES,YES,YES,4,4,4,57,YES,YES,YES
SYNCOPE-1563,YES,YES,YES,YES,2,2,2,2,YES,YES,YES
SYNCOPE-1561,YES,YES,YES,YES,2,2,0,6,YES,YES,YES
SYNCOPE-1560,YES,YES,YES,YES,16,16,4,34,YES,YES,YES
SYNCOPE-1554,YES,YES,YES,YES,2,2,0,6,YES,YES,YES
SYNCOPE-1549,YES,YES,YES,YES,2,2,0,0,YES,NO,NO
SYNCOPE-1546,YES,YES,YES,YES,2,2,0,18,YES,YES,YES
SYNCOPE-1544,YES,YES,YES,YES,4,4,2,6,YES,YES,YES
SYNCOPE-1542,YES,YES,YES,YES,8,8,4,38,YES,YES,YES
SYNCOPE-1539,YES,YES,YES,YES,3,3,0,3,YES,YES,YES
SYNCOPE-1538,YES,YES,YES,YES,12,12,2,85,YES,YES,YES
SYNCOPE-1537,YES,YES,YES,YES,6,6,0,14,YES,YES,YES
SYNCOPE-1536,YES,YES,YES,YES,2,2,0,2,YES,YES,YES
SYNCOPE-1533,YES,YES,YES,YES,4,4,2,76,YES,YES,YES
SYNCOPE-1526,YES,YES,YES,YES,3,3,3,0,YES,NO,NO
SYNCOPE-1525,YES,YES,YES,YES,3,3,3,0,YES,NO,NO
SYNCOPE-1524,YES,YES,YES,YES,4,4,0,0,YES,NO,NO
SYNCOPE-1520,YES,YES,YES,YES,3,3,1,3,YES,YES,YES
SYNCOPE-1512,YES,YES,YES,YES,2,2,0,14,YES,YES,YES
SYNCOPE-1505,YES,YES,YES,YES,3,3,0,3,YES,YES,YES
SYNCOPE-1504,YES,YES,YES,YES,2,2,0,2,YES,YES,YES
SYNCOPE-1503,YES,YES,YES,YES,2,2,0,2,YES,YES,YES
SYNCOPE-1493,YES,YES,YES,YES,6,6,2,27,YES,YES,YES
SYNCOPE-1492,YES,YES,NO,YES,2,2,0,0,YES,NO,NO
SYNCOPE-1488,YES,YES,YES,YES,2,2,0,0,YES,NO,NO
SYNCOPE-1487,YES,YES,YES,YES,2,2,0,0,YES,NO,NO
SYNCOPE-1485,YES,YES,YES,YES,3,3,0,27,YES,YES,YES
SYNCOPE-1484,YES,YES,YES,YES,3,3,0,0,YES,NO,NO
SYNCOPE-1483,YES,YES,YES,YES,1,1,0,0,YES,NO,NO
SYNCOPE-1481,YES,YES,YES,YES,3,3,3,15,YES,YES,YES
SYNCOPE-1480,YES,YES,YES,YES,3,3,0,14,YES,YES,YES
SYNCOPE-1478,YES,YES,YES,YES,2,2,0,4,YES,YES,YES
SYNCOPE-1477,YES,YES,YES,YES,3,3,0,0,YES,NO,NO
SYNCOPE-1476,YES,YES,YES,YES,7,7,5,21,YES,YES,YES
SYNCOPE-1475,YES,YES,YES,YES,1,1,0,1,YES,YES,YES
SYNCOPE-1474,YES,YES,YES,YES,2,2,0,4,YES,YES,YES
SYNCOPE-1472,YES,YES,YES,YES,3,3,3,63,YES,YES,YES
SYNCOPE-1470,YES,YES,YES,YES,2,2,0,3,YES,YES,YES
SYNCOPE-1469,YES,YES,YES,YES,4,4,2,0,YES,NO,NO
SYNCOPE-1467,YES,YES,YES,YES,3,3,0,3,YES,YES,YES
SYNCOPE-1462,YES,YES,YES,YES,1,1,1,8,YES,YES,YES
SYNCOPE-1461,YES,YES,YES,YES,2,2,0,6,YES,YES,YES
SYNCOPE-1457,YES,YES,YES,YES,6,6,3,66,YES,YES,YES
SYNCOPE-1454,YES,YES,YES,YES,3,3,0,3,YES,YES,YES
SYNCOPE-1453,YES,YES,YES,YES,6,6,0,24,YES,YES,YES
SYNCOPE-1452,YES,YES,YES,YES,3,3,3,3,YES,YES,YES
SYNCOPE-1450,YES,YES,YES,YES,3,3,0,3,YES,YES,YES
SYNCOPE-1448,YES,YES,YES,YES,4,4,0,6,YES,YES,YES
SYNCOPE-1447,YES,YES,YES,YES,2,2,0,4,YES,YES,YES
SYNCOPE-1446,YES,YES,YES,YES,2,2,0,6,YES,YES,YES
SYNCOPE-1443,YES,YES,YES,YES,3,3,0,12,YES,YES,YES
SYNCOPE-1442,YES,YES,YES,YES,3,3,0,3,YES,YES,YES
SYNCOPE-1440,YES,YES,YES,YES,3,3,0,8,YES,YES,YES
SYNCOPE-1439,YES,YES,YES,YES,6,5,4,12,YES,YES,YES
SYNCOPE-1438,YES,YES,YES,YES,3,3,0,3,YES,YES,YES
SYNCOPE-1437,YES,YES,YES,YES,2,2,2,2,YES,YES,YES
SYNCOPE-1432,YES,YES,YES,YES,3,3,0,6,YES,YES,YES
SYNCOPE-1431,YES,YES,YES,YES,2,2,2,2,YES,YES,YES
SYNCOPE-1430,YES,YES,YES,YES,6,6,0,93,YES,YES,YES
SYNCOPE-1429,YES,YES,YES,YES,3,3,0,19,YES,YES,YES
SYNCOPE-1428,YES,YES,YES,YES,3,3,0,3,YES,YES,YES
SYNCOPE-1425,YES,YES,YES,YES,3,3,0,3,YES,YES,YES
SYNCOPE-1420,YES,YES,YES,YES,3,3,0,6,YES,YES,YES
SYNCOPE-1419,YES,YES,YES,YES,9,9,6,22,YES,YES,YES
SYNCOPE-1417,YES,YES,YES,YES,3,3,0,9,YES,YES,YES
SYNCOPE-1411,YES,YES,YES,YES,6,6,2,12,YES,YES,YES
SYNCOPE-1408,YES,YES,YES,YES,6,6,3,15,YES,YES,YES
SYNCOPE-1407,YES,YES,YES,YES,6,6,3,15,YES,YES,YES
SYNCOPE-1406,YES,YES,YES,YES,2,2,0,0,YES,NO,NO
SYNCOPE-1405,YES,YES,YES,YES,3,3,0,0,YES,NO,NO
SYNCOPE-1404,YES,YES,NO,YES,2,2,2,8,YES,YES,YES
SYNCOPE-1399,YES,YES,NO,YES,3,3,3,12,YES,YES,YES
SYNCOPE-1398,YES,YES,YES,YES,1,1,1,2,YES,YES,YES
SYNCOPE-1393,YES,YES,YES,YES,3,3,3,3,YES,YES,YES
SYNCOPE-1391,YES,YES,YES,YES,2,2,2,0,YES,NO,NO
SYNCOPE-1390,YES,YES,YES,YES,3,3,0,3,YES,YES,YES
SYNCOPE-1389,YES,YES,YES,YES,3,3,3,3,YES,YES,YES
SYNCOPE-1388,YES,YES,YES,YES,3,3,0,33,YES,YES,YES
SYNCOPE-1387,YES,YES,YES,YES,3,3,0,3,YES,YES,YES
SYNCOPE-1383,YES,YES,YES,YES,9,9,9,19,YES,YES,YES
SYNCOPE-1380,YES,YES,YES,YES,3,3,0,12,YES,YES,YES
SYNCOPE-1377,YES,YES,YES,YES,3,3,0,12,YES,YES,YES
SYNCOPE-1376,YES,YES,YES,YES,3,3,0,4,YES,YES,YES
SYNCOPE-1375,YES,YES,YES,YES,3,3,0,3,YES,YES,YES
SYNCOPE-1374,YES,YES,YES,YES,6,6,3,21,YES,YES,YES
SYNCOPE-1373,YES,YES,YES,YES,5,5,1,5,YES,YES,YES
SYNCOPE-1372,YES,YES,YES,YES,3,3,0,3,YES,YES,YES
SYNCOPE-1371,YES,YES,YES,YES,2,2,2,2,YES,YES,YES
SYNCOPE-1370,YES,YES,YES,YES,3,3,0,3,YES,YES,YES
SYNCOPE-1366,YES,YES,YES,YES,3,3,0,42,YES,YES,YES
SYNCOPE-1365,YES,YES,YES,YES,2,2,2,2,YES,YES,YES
SYNCOPE-1364,YES,YES,YES,YES,0,0,0,0,NO,NO,NO
SYNCOPE-1363,YES,YES,YES,YES,2,2,0,2,YES,YES,YES
SYNCOPE-1362,YES,YES,YES,YES,2,2,0,2,YES,YES,YES
SYNCOPE-1361,YES,YES,YES,YES,3,3,3,3,YES,YES,YES
SYNCOPE-1360,YES,YES,YES,YES,3,3,0,27,YES,YES,YES
SYNCOPE-1358,YES,YES,YES,YES,3,3,0,3,YES,YES,YES
SYNCOPE-1357,YES,YES,YES,YES,3,3,0,9,YES,YES,YES
SYNCOPE-1356,YES,YES,YES,YES,3,3,0,12,YES,YES,YES
SYNCOPE-1354,YES,YES,YES,YES,3,3,0,18,YES,YES,YES
SYNCOPE-1353,YES,YES,YES,YES,3,3,3,0,YES,NO,NO
SYNCOPE-1352,YES,YES,YES,YES,3,3,0,6,YES,YES,YES
SYNCOPE-1350,YES,YES,YES,YES,5,5,0,9,YES,YES,YES
SYNCOPE-1347,YES,YES,YES,YES,3,3,3,0,YES,NO,NO
SYNCOPE-1346,YES,YES,YES,YES,3,3,0,6,YES,YES,YES
SYNCOPE-1344,YES,YES,YES,YES,3,3,3,0,YES,NO,NO
SYNCOPE-1343,YES,YES,YES,YES,5,5,0,11,YES,YES,YES
SYNCOPE-1342,YES,YES,YES,YES,2,2,0,2,YES,YES,YES
SYNCOPE-1340,YES,YES,YES,YES,3,3,0,3,YES,YES,YES
SYNCOPE-1339,YES,YES,YES,YES,3,3,0,0,YES,NO,NO
SYNCOPE-1338,YES,YES,YES,YES,3,3,0,9,YES,YES,YES
SYNCOPE-1337,YES,YES,YES,YES,3,3,0,18,YES,YES,YES
SYNCOPE-1335,YES,YES,YES,YES,4,4,0,4,YES,YES,YES
SYNCOPE-1334,YES,YES,YES,YES,2,2,0,0,YES,NO,NO
SYNCOPE-1333,YES,YES,YES,YES,8,8,8,14,YES,YES,YES
SYNCOPE-1331,YES,YES,YES,YES,1,1,0,3,YES,YES,YES
SYNCOPE-1330,YES,YES,NO,NO,2,2,0,0,YES,NO,NO
SYNCOPE-1326,YES,YES,YES,YES,2,2,2,6,YES,YES,YES
SYNCOPE-1321,YES,YES,YES,YES,2,2,0,4,YES,YES,YES
SYNCOPE-1320,YES,YES,YES,YES,2,2,0,2,YES,YES,YES
SYNCOPE-1319,YES,YES,YES,YES,2,2,0,2,YES,YES,YES
SYNCOPE-1318,YES,YES,YES,YES,8,8,6,16,YES,YES,YES
SYNCOPE-1317,YES,YES,YES,YES,0,0,0,0,NO,NO,NO
SYNCOPE-1315,YES,YES,YES,YES,3,3,1,21,YES,YES,YES
SYNCOPE-1314,YES,YES,YES,YES,2,2,2,4,YES,YES,YES
SYNCOPE-1312,YES,YES,YES,YES,2,2,0,4,YES,YES,YES
SYNCOPE-1309,YES,YES,YES,YES,2,2,0,31,YES,YES,YES
SYNCOPE-1308,YES,YES,YES,YES,2,2,0,0,YES,NO,NO
SYNCOPE-1307,YES,YES,YES,YES,2,2,2,6,YES,YES,YES
SYNCOPE-1306,YES,YES,YES,YES,2,2,2,4,YES,YES,YES
SYNCOPE-1304,YES,YES,YES,YES,2,2,2,4,YES,YES,YES
SYNCOPE-1303,YES,YES,NO,YES,4,4,4,6,YES,YES,YES
SYNCOPE-1301,YES,YES,YES,YES,2,2,0,8,YES,YES,YES
SYNCOPE-1298,YES,YES,YES,YES,2,2,0,22,YES,YES,YES
SYNCOPE-1297,YES,YES,YES,YES,2,2,2,0,YES,NO,NO
SYNCOPE-1296,YES,YES,NO,YES,1,1,1,0,YES,NO,NO
SYNCOPE-1294,YES,YES,YES,YES,2,2,0,2,YES,YES,YES
SYNCOPE-1293,YES,YES,YES,YES,3,3,0,10,YES,YES,YES
SYNCOPE-1291,YES,YES,YES,YES,2,2,0,4,YES,YES,YES
SYNCOPE-1290,YES,YES,YES,YES,0,0,0,0,NO,NO,NO
SYNCOPE-1288,YES,YES,NO,YES,2,2,2,12,YES,YES,YES
SYNCOPE-1285,YES,YES,YES,YES,2,2,0,2,YES,YES,YES
SYNCOPE-1282,YES,YES,YES,YES,2,2,2,2,YES,YES,YES
SYNCOPE-1276,YES,YES,YES,YES,2,2,2,6,YES,YES,YES
SYNCOPE-1275,YES,YES,YES,YES,2,2,0,6,YES,YES,YES
SYNCOPE-1272,YES,YES,YES,YES,2,2,0,6,YES,YES,YES
SYNCOPE-1269,YES,YES,YES,YES,2,2,0,4,YES,YES,YES
SYNCOPE-1266,YES,YES,YES,YES,4,4,4,4,YES,YES,YES
SYNCOPE-1265,YES,YES,YES,YES,2,2,0,2,YES,YES,YES
SYNCOPE-1263,YES,YES,YES,YES,3,3,1,7,YES,YES,YES
SYNCOPE-1261,YES,YES,YES,YES,2,2,0,2,YES,YES,YES
SYNCOPE-1257,YES,YES,YES,YES,2,2,2,2,YES,YES,YES
SYNCOPE-1254,YES,YES,YES,YES,1,1,0,1,YES,YES,YES
SYNCOPE-1253,YES,YES,YES,YES,2,2,0,2,YES,YES,YES
SYNCOPE-1252,YES,YES,YES,YES,2,2,2,4,YES,YES,YES
SYNCOPE-1251,YES,YES,YES,YES,2,2,2,5,YES,YES,YES
SYNCOPE-1250,YES,YES,YES,YES,3,3,1,3,YES,YES,YES
SYNCOPE-1248,YES,YES,YES,YES,2,2,2,2,YES,YES,YES
SYNCOPE-1247,YES,YES,YES,YES,2,2,0,10,YES,YES,YES
SYNCOPE-1246,YES,YES,YES,YES,2,2,0,10,YES,YES,YES
SYNCOPE-1244,YES,YES,YES,YES,4,4,0,4,YES,YES,YES
SYNCOPE-1241,YES,YES,YES,YES,2,2,0,51,YES,YES,YES
SYNCOPE-1239,YES,YES,YES,YES,2,2,2,2,YES,YES,YES
SYNCOPE-1236,YES,YES,YES,YES,4,4,2,6,YES,YES,YES
SYNCOPE-1235,YES,YES,YES,YES,6,6,2,10,YES,YES,YES
SYNCOPE-1233,YES,YES,YES,YES,2,2,2,4,YES,YES,YES
SYNCOPE-1232,YES,YES,YES,YES,2,2,0,2,YES,YES,YES
SYNCOPE-1231,YES,YES,YES,YES,2,2,0,0,YES,NO,NO
SYNCOPE-1230,YES,YES,YES,YES,2,2,2,2,YES,YES,YES
SYNCOPE-1229,YES,YES,YES,YES,2,2,0,2,YES,YES,YES
SYNCOPE-1227,YES,YES,YES,YES,2,2,0,2,YES,YES,YES
SYNCOPE-1226,YES,YES,YES,YES,2,2,2,2,YES,YES,YES
SYNCOPE-1224,YES,YES,YES,YES,4,4,0,8,YES,YES,YES
SYNCOPE-1223,YES,YES,YES,YES,2,2,0,16,YES,YES,YES
SYNCOPE-1222,YES,YES,YES,YES,3,3,0,8,YES,YES,YES
SYNCOPE-1221,YES,YES,YES,NO,0,0,0,0,NO,NO,NO
SYNCOPE-1217,YES,YES,YES,YES,2,2,0,2,YES,YES,YES
SYNCOPE-1216,YES,YES,NO,YES,1,1,0,3,YES,YES,YES
SYNCOPE-1215,YES,YES,YES,YES,2,2,0,4,YES,YES,YES
SYNCOPE-1214,YES,YES,YES,YES,2,2,0,2,YES,YES,YES
SYNCOPE-1213,YES,YES,YES,YES,6,6,0,32,YES,YES,YES
SYNCOPE-1211,YES,YES,YES,YES,2,2,0,0,YES,NO,NO
SYNCOPE-1210,YES,YES,YES,YES,3,3,3,16,YES,YES,YES
SYNCOPE-1207,YES,YES,YES,YES,6,6,2,113,YES,YES,YES
SYNCOPE-1206,YES,YES,YES,YES,2,2,0,41,YES,YES,YES
SYNCOPE-1205,YES,YES,YES,YES,2,2,0,2,YES,YES,YES
SYNCOPE-1203,YES,YES,YES,YES,2,2,0,2,YES,YES,YES
SYNCOPE-1199,YES,YES,YES,YES,2,2,0,6,YES,YES,YES
SYNCOPE-1193,YES,YES,YES,YES,2,2,0,50,YES,YES,YES
SYNCOPE-1190,YES,YES,YES,YES,8,8,0,48,YES,YES,YES
SYNCOPE-1189,YES,YES,YES,YES,2,2,0,0,YES,NO,NO
SYNCOPE-1188,YES,YES,YES,YES,2,2,0,4,YES,YES,YES
SYNCOPE-1184,YES,YES,YES,YES,0,0,0,0,NO,NO,NO
SYNCOPE-1180,YES,YES,YES,YES,4,4,2,18,YES,YES,YES
SYNCOPE-1179,YES,YES,YES,YES,2,2,0,6,YES,YES,YES
SYNCOPE-1178,YES,YES,NO,YES,2,2,0,4,YES,YES,YES
SYNCOPE-1175,YES,YES,YES,YES,2,2,2,6,YES,YES,YES
SYNCOPE-1174,YES,YES,YES,YES,4,4,0,37,YES,YES,YES
SYNCOPE-1170,YES,YES,NO,YES,2,2,0,4,YES,YES,YES
SYNCOPE-1169,YES,YES,YES,YES,0,0,0,0,NO,NO,NO
SYNCOPE-1168,YES,YES,NO,YES,3,3,0,6,YES,YES,YES
SYNCOPE-1166,YES,YES,YES,YES,2,2,0,25,YES,YES,YES
SYNCOPE-1163,YES,YES,YES,YES,2,2,0,4,YES,YES,YES
SYNCOPE-1162,YES,YES,YES,YES,2,2,0,2,YES,YES,YES
SYNCOPE-1158,YES,YES,YES,YES,2,2,0,30,YES,YES,YES
SYNCOPE-1151,YES,YES,YES,YES,4,4,4,8,YES,YES,YES
SYNCOPE-1150,YES,YES,YES,YES,2,2,0,8,YES,YES,YES
SYNCOPE-1149,YES,YES,YES,YES,6,6,0,32,YES,YES,YES
SYNCOPE-1141,YES,YES,YES,YES,4,4,2,10,YES,YES,YES
SYNCOPE-1140,YES,YES,YES,YES,2,2,0,2,YES,YES,YES
SYNCOPE-1139,YES,YES,YES,YES,2,2,2,2,YES,YES,YES
SYNCOPE-1135,YES,YES,YES,YES,2,2,0,8,YES,YES,YES
SYNCOPE-1134,YES,YES,YES,YES,2,2,2,2,YES,YES,YES
SYNCOPE-1133,YES,YES,YES,YES,2,2,2,34,YES,YES,YES
SYNCOPE-1131,YES,YES,YES,YES,2,2,0,6,YES,YES,YES
SYNCOPE-1130,YES,YES,YES,YES,2,2,2,6,YES,YES,YES
SYNCOPE-1128,YES,YES,YES,YES,3,3,0,5,YES,YES,YES
SYNCOPE-1127,YES,YES,YES,YES,0,0,0,0,NO,NO,NO
SYNCOPE-1125,YES,YES,YES,YES,4,4,4,4,YES,YES,YES
SYNCOPE-1123,YES,YES,YES,YES,4,4,4,24,YES,YES,YES
SYNCOPE-1122,YES,YES,YES,YES,0,0,0,0,NO,NO,NO
SYNCOPE-1121,YES,YES,YES,YES,2,2,0,2,YES,YES,YES
SYNCOPE-1114,YES,YES,YES,YES,2,2,0,2,YES,YES,YES
SYNCOPE-1112,YES,YES,YES,YES,4,4,2,10,YES,YES,YES
SYNCOPE-1111,YES,YES,YES,YES,2,2,0,10,YES,YES,YES
SYNCOPE-1110,YES,YES,YES,YES,4,4,4,24,YES,YES,YES
SYNCOPE-1109,YES,YES,YES,YES,2,2,2,18,YES,YES,YES
SYNCOPE-1108,YES,YES,YES,YES,2,2,0,16,YES,YES,YES
SYNCOPE-1107,YES,YES,YES,YES,2,2,0,0,YES,NO,NO
SYNCOPE-1104,YES,YES,YES,YES,2,2,0,14,YES,YES,YES
SYNCOPE-1102,YES,YES,YES,YES,2,2,2,12,YES,YES,YES
SYNCOPE-1101,YES,YES,YES,YES,2,2,2,2,YES,YES,YES
SYNCOPE-1099,YES,YES,YES,YES,2,2,0,27,YES,YES,YES
SYNCOPE-1098,YES,YES,YES,YES,2,2,0,2,YES,YES,YES
SYNCOPE-1094,YES,YES,YES,YES,2,2,2,2,YES,YES,YES
SYNCOPE-1091,YES,YES,YES,YES,2,2,2,4,YES,YES,YES
SYNCOPE-1090,YES,YES,YES,YES,2,2,0,4,YES,YES,YES
SYNCOPE-1089,YES,YES,YES,YES,2,2,0,2,YES,YES,YES
SYNCOPE-1085,YES,YES,YES,YES,2,2,2,4,YES,YES,YES
SYNCOPE-1082,YES,YES,YES,YES,4,4,0,82,YES,YES,YES
SYNCOPE-1081,YES,YES,YES,YES,6,6,6,18,YES,YES,YES
SYNCOPE-1079,YES,YES,YES,YES,2,2,2,10,YES,YES,YES
SYNCOPE-1078,YES,YES,YES,YES,2,2,0,4,YES,YES,YES
SYNCOPE-1076,YES,YES,YES,YES,2,2,0,4,YES,YES,YES
SYNCOPE-1075,YES,YES,YES,YES,2,2,2,2,YES,YES,YES
SYNCOPE-1071,YES,YES,YES,YES,2,2,0,2,YES,YES,YES
SYNCOPE-1070,YES,YES,YES,YES,3,3,0,3,YES,YES,YES
SYNCOPE-1069,YES,YES,NO,YES,4,4,4,0,YES,NO,NO
SYNCOPE-1066,YES,YES,YES,YES,2,2,0,4,YES,YES,YES
SYNCOPE-1062,YES,YES,YES,YES,2,2,0,28,YES,YES,YES
SYNCOPE-1060,YES,YES,YES,YES,4,4,4,12,YES,YES,YES
SYNCOPE-1057,YES,YES,YES,YES,4,4,0,8,YES,YES,YES
SYNCOPE-1052,YES,YES,NO,YES,2,2,2,4,YES,YES,YES
SYNCOPE-1051,YES,YES,YES,YES,4,4,0,8,YES,YES,YES
SYNCOPE-1049,YES,YES,YES,YES,2,2,2,2,YES,YES,YES
SYNCOPE-1048,YES,YES,YES,YES,2,2,2,2,YES,YES,YES
SYNCOPE-1046,YES,YES,YES,YES,2,2,0,8,YES,YES,YES
SYNCOPE-1045,YES,YES,YES,YES,2,2,0,2,YES,YES,YES
SYNCOPE-1044,YES,YES,YES,YES,2,2,2,2,YES,YES,YES
SYNCOPE-1043,YES,YES,YES,YES,6,6,6,84,YES,YES,YES
SYNCOPE-1042,YES,YES,YES,YES,2,2,2,2,YES,YES,YES
SYNCOPE-1040,YES,YES,YES,YES,2,2,2,4,YES,YES,YES
SYNCOPE-1039,YES,YES,YES,YES,2,2,0,14,YES,YES,YES
SYNCOPE-1038,YES,YES,YES,YES,2,2,2,2,YES,YES,YES
SYNCOPE-1037,YES,YES,YES,YES,2,2,0,0,YES,NO,NO
SYNCOPE-1036,YES,YES,YES,YES,2,2,0,20,YES,YES,YES
SYNCOPE-1034,YES,YES,YES,YES,2,2,2,4,YES,YES,YES
SYNCOPE-1033,YES,YES,YES,YES,2,2,0,8,YES,YES,YES
SYNCOPE-1032,YES,YES,YES,YES,2,2,0,2,YES,YES,YES
SYNCOPE-1030,YES,YES,YES,YES,2,2,2,12,YES,YES,YES
SYNCOPE-1027,YES,YES,YES,YES,2,2,0,2,YES,YES,YES
SYNCOPE-1026,YES,YES,YES,YES,2,2,2,4,YES,YES,YES
SYNCOPE-1025,YES,YES,YES,YES,2,2,2,4,YES,YES,YES
SYNCOPE-1024,YES,YES,YES,YES,3,3,2,5,YES,YES,YES
SYNCOPE-1023,YES,YES,YES,YES,2,2,0,0,YES,NO,NO
SYNCOPE-1022,YES,YES,YES,YES,2,2,2,2,YES,YES,YES
SYNCOPE-1016,YES,YES,YES,YES,4,4,2,16,YES,YES,YES
SYNCOPE-1014,YES,YES,YES,YES,4,4,2,24,YES,YES,YES
SYNCOPE-1013,YES,YES,YES,YES,4,4,2,2,YES,YES,YES
SYNCOPE-1012,YES,YES,YES,YES,2,2,2,16,YES,YES,YES
SYNCOPE-1010,YES,YES,YES,YES,2,2,0,6,YES,YES,YES
SYNCOPE-1008,YES,YES,YES,YES,2,2,0,8,YES,YES,YES
SYNCOPE-1007,YES,YES,YES,YES,2,2,2,4,YES,YES,YES
SYNCOPE-1004,YES,YES,YES,YES,2,2,0,8,YES,YES,YES
SYNCOPE-1003,YES,YES,YES,YES,2,2,0,34,YES,YES,YES
SYNCOPE-1002,YES,YES,YES,YES,2,2,0,4,YES,YES,YES
SYNCOPE-1001,YES,YES,YES,YES,2,2,0,2,YES,YES,YES
SYNCOPE-1000,YES,YES,YES,YES,2,2,0,4,YES,YES,YES
SYNCOPE-999,YES,YES,YES,YES,7,7,2,21,YES,YES,YES
SYNCOPE-997,YES,YES,YES,YES,4,4,0,0,YES,NO,NO
SYNCOPE-994,YES,YES,YES,YES,4,4,0,38,YES,YES,YES
SYNCOPE-993,YES,YES,YES,YES,2,2,2,0,YES,NO,NO
SYNCOPE-992,YES,YES,YES,YES,2,2,2,6,YES,YES,YES
SYNCOPE-990,YES,YES,YES,YES,2,2,0,10,YES,YES,YES
SYNCOPE-987,YES,YES,YES,YES,6,6,4,2,YES,YES,YES
SYNCOPE-982,YES,YES,YES,YES,2,2,0,40,YES,YES,YES
SYNCOPE-981,YES,YES,YES,YES,2,2,0,4,YES,YES,YES
SYNCOPE-980,YES,YES,YES,YES,2,2,2,8,YES,YES,YES
SYNCOPE-979,YES,YES,YES,YES,2,2,0,4,YES,YES,YES
SYNCOPE-977,YES,YES,YES,YES,2,2,0,0,YES,NO,NO
SYNCOPE-976,YES,YES,YES,YES,3,3,0,6,YES,YES,YES
SYNCOPE-975,YES,YES,YES,YES,3,3,1,3,YES,YES,YES
SYNCOPE-974,YES,YES,YES,YES,2,2,0,10,YES,YES,YES
SYNCOPE-973,YES,YES,YES,YES,3,3,0,2,YES,YES,YES
SYNCOPE-970,YES,YES,YES,YES,2,2,0,0,YES,NO,NO
SYNCOPE-966,YES,YES,YES,YES,2,2,2,2,YES,YES,YES
SYNCOPE-965,YES,YES,YES,YES,3,3,3,8,YES,YES,YES
SYNCOPE-963,YES,YES,YES,YES,1,1,1,1,YES,YES,YES
SYNCOPE-954,YES,YES,YES,YES,1,1,1,2,YES,YES,YES
SYNCOPE-953,YES,YES,YES,YES,2,2,2,16,YES,YES,YES
SYNCOPE-950,YES,YES,YES,YES,2,2,0,0,YES,NO,NO
SYNCOPE-947,YES,YES,YES,YES,2,2,2,8,YES,YES,YES
SYNCOPE-946,YES,YES,YES,YES,8,8,2,8,YES,YES,YES
SYNCOPE-944,YES,YES,YES,YES,4,4,2,8,YES,YES,YES
SYNCOPE-943,YES,YES,YES,YES,1,1,0,1,YES,YES,YES
SYNCOPE-942,YES,YES,YES,YES,2,2,2,0,YES,NO,NO
SYNCOPE-940,YES,YES,YES,YES,2,2,0,2,YES,YES,YES
SYNCOPE-939,YES,YES,YES,YES,0,0,0,0,NO,NO,NO
SYNCOPE-937,YES,YES,YES,YES,7,7,0,2,YES,YES,YES
SYNCOPE-936,YES,YES,YES,YES,2,2,0,2,YES,YES,YES
SYNCOPE-935,YES,YES,YES,YES,1,1,1,2,YES,YES,YES
SYNCOPE-934,YES,YES,YES,YES,1,1,0,0,YES,NO,NO
SYNCOPE-933,YES,YES,YES,YES,1,1,0,5,YES,YES,YES
SYNCOPE-931,YES,YES,YES,YES,3,3,0,6,YES,YES,YES
SYNCOPE-930,YES,YES,YES,YES,1,1,0,2,YES,YES,YES
SYNCOPE-929,YES,YES,YES,YES,2,2,0,6,YES,YES,YES
SYNCOPE-928,YES,YES,YES,YES,3,3,0,3,YES,YES,YES
SYNCOPE-927,YES,YES,YES,YES,1,1,0,1,YES,YES,YES
SYNCOPE-923,YES,YES,YES,YES,2,2,2,4,YES,YES,YES
SYNCOPE-921,YES,YES,YES,YES,1,1,0,1,YES,YES,YES
SYNCOPE-918,YES,YES,YES,YES,1,1,1,0,YES,NO,NO
SYNCOPE-916,YES,YES,YES,YES,1,1,0,3,YES,YES,YES
SYNCOPE-915,YES,YES,YES,YES,1,1,0,4,YES,YES,YES
SYNCOPE-912,YES,YES,YES,YES,1,1,0,0,YES,NO,NO
SYNCOPE-911,YES,YES,YES,YES,2,2,0,0,YES,NO,NO
SYNCOPE-908,YES,YES,YES,YES,1,1,1,1,YES,YES,YES
SYNCOPE-907,YES,YES,YES,YES,1,1,1,1,YES,YES,YES
SYNCOPE-905,YES,YES,YES,YES,1,1,0,42,YES,YES,YES
SYNCOPE-901,YES,YES,YES,YES,1,1,0,0,YES,NO,NO
SYNCOPE-900,YES,YES,NO,YES,1,1,1,3,YES,YES,YES
SYNCOPE-899,YES,YES,NO,YES,1,1,0,0,YES,NO,NO
SYNCOPE-898,YES,YES,YES,YES,2,2,1,17,YES,YES,YES
SYNCOPE-893,YES,YES,YES,YES,1,1,1,4,YES,YES,YES
SYNCOPE-892,YES,YES,YES,YES,1,1,0,1,YES,YES,YES
SYNCOPE-891,YES,YES,YES,YES,1,1,1,1,YES,YES,YES
SYNCOPE-888,YES,YES,YES,YES,1,1,0,2,YES,YES,YES
SYNCOPE-887,YES,YES,YES,YES,1,1,0,2,YES,YES,YES
SYNCOPE-886,YES,YES,YES,YES,1,1,1,13,YES,YES,YES
SYNCOPE-884,YES,YES,YES,YES,2,2,1,11,YES,YES,YES
SYNCOPE-883,YES,YES,YES,YES,1,1,1,1,YES,YES,YES
SYNCOPE-881,YES,YES,YES,YES,1,1,1,29,YES,YES,YES
SYNCOPE-879,YES,YES,YES,YES,2,2,2,3,YES,YES,YES
SYNCOPE-878,YES,YES,YES,YES,1,1,1,1,YES,YES,YES
SYNCOPE-876,YES,YES,YES,YES,2,2,2,2,YES,YES,YES
SYNCOPE-875,YES,YES,YES,YES,1,1,0,2,YES,YES,YES
SYNCOPE-872,YES,YES,NO,YES,2,2,0,10,YES,YES,YES
SYNCOPE-869,YES,YES,YES,YES,1,1,0,0,YES,NO,NO
SYNCOPE-868,YES,YES,YES,YES,1,1,0,1,YES,YES,YES
SYNCOPE-867,YES,YES,YES,YES,1,1,0,2,YES,YES,YES
SYNCOPE-865,YES,YES,YES,YES,2,2,0,66,YES,YES,YES
SYNCOPE-863,YES,YES,YES,YES,1,1,1,2,YES,YES,YES
SYNCOPE-850,YES,YES,YES,YES,1,1,1,55,YES,YES,YES
SYNCOPE-849,YES,YES,YES,YES,1,1,1,55,YES,YES,YES
SYNCOPE-847,YES,YES,NO,YES,1,1,1,4,YES,YES,YES
SYNCOPE-846,YES,YES,NO,YES,1,1,0,10,YES,YES,YES
SYNCOPE-845,YES,YES,NO,YES,2,2,1,7,YES,YES,YES
SYNCOPE-844,YES,YES,NO,YES,1,1,1,8,YES,YES,YES
SYNCOPE-840,YES,YES,YES,YES,1,1,0,0,YES,NO,NO
SYNCOPE-839,YES,YES,YES,YES,1,1,0,0,YES,NO,NO
SYNCOPE-837,YES,YES,YES,YES,1,1,1,2,YES,YES,YES
SYNCOPE-836,YES,YES,YES,YES,1,1,0,0,YES,NO,NO
SYNCOPE-825,YES,YES,YES,YES,1,1,1,1,YES,YES,YES
SYNCOPE-823,YES,YES,YES,YES,1,1,1,1,YES,YES,YES
SYNCOPE-817,YES,YES,YES,YES,2,2,1,54,YES,YES,YES
SYNCOPE-814,YES,YES,YES,YES,2,2,1,3,YES,YES,YES
SYNCOPE-813,YES,YES,YES,YES,1,1,0,1,YES,YES,YES
SYNCOPE-812,YES,YES,YES,YES,2,2,1,25,YES,YES,YES
SYNCOPE-811,YES,YES,YES,YES,1,1,1,4,YES,YES,YES
SYNCOPE-801,YES,YES,YES,YES,1,1,1,4,YES,YES,YES
SYNCOPE-800,YES,YES,YES,YES,2,2,2,6,YES,YES,YES
SYNCOPE-799,YES,YES,YES,YES,2,2,0,2,YES,YES,YES
SYNCOPE-798,YES,YES,YES,YES,1,1,0,3,YES,YES,YES
SYNCOPE-793,YES,YES,YES,YES,1,1,1,2,YES,YES,YES
SYNCOPE-792,YES,YES,YES,YES,1,1,0,9,YES,YES,YES
SYNCOPE-783,YES,YES,YES,YES,1,1,0,5,YES,YES,YES
SYNCOPE-782,YES,YES,YES,YES,2,2,0,0,YES,NO,NO
SYNCOPE-781,YES,YES,YES,YES,1,1,1,2,YES,YES,YES
SYNCOPE-780,YES,YES,YES,YES,1,1,0,0,YES,NO,NO
SYNCOPE-776,YES,YES,YES,YES,1,1,1,0,YES,NO,NO
SYNCOPE-775,YES,YES,YES,YES,1,1,1,10,YES,YES,YES
SYNCOPE-774,YES,YES,YES,YES,1,1,1,6,YES,YES,YES
SYNCOPE-769,YES,YES,YES,YES,2,2,2,17,YES,YES,YES
SYNCOPE-768,YES,YES,YES,YES,3,3,3,14,YES,YES,YES
SYNCOPE-762,YES,YES,YES,YES,1,1,0,3,YES,YES,YES
SYNCOPE-759,YES,YES,YES,YES,1,1,1,5,YES,YES,YES
SYNCOPE-758,YES,YES,YES,YES,1,1,0,3,YES,YES,YES
SYNCOPE-756,YES,YES,YES,YES,1,1,1,2,YES,YES,YES
SYNCOPE-741,YES,YES,YES,YES,4,4,1,47,YES,YES,YES
SYNCOPE-739,YES,YES,YES,YES,5,5,1,9,YES,YES,YES
SYNCOPE-738,YES,YES,YES,YES,4,4,0,4,YES,YES,YES
SYNCOPE-737,YES,YES,YES,YES,1,1,0,24,YES,YES,YES
SYNCOPE-735,YES,YES,YES,YES,6,5,2,22,YES,YES,YES
SYNCOPE-734,YES,YES,NO,NO,1,1,0,3,YES,YES,YES
SYNCOPE-733,YES,YES,YES,YES,1,1,1,2,YES,YES,YES
SYNCOPE-730,YES,YES,YES,YES,1,1,0,8,YES,YES,YES
SYNCOPE-729,YES,YES,YES,YES,2,1,0,6,YES,YES,YES
SYNCOPE-726,YES,YES,YES,YES,1,1,0,2,YES,YES,YES
SYNCOPE-717,YES,YES,YES,YES,4,3,2,9,YES,YES,YES
SYNCOPE-716,YES,YES,YES,YES,1,1,1,1,YES,YES,YES
SYNCOPE-712,YES,YES,YES,YES,1,1,0,3,YES,YES,YES
SYNCOPE-710,YES,YES,YES,YES,2,1,0,29,YES,YES,YES
SYNCOPE-707,YES,YES,YES,YES,4,4,2,6,YES,YES,YES
SYNCOPE-706,YES,YES,YES,YES,1,1,1,8,YES,YES,YES
SYNCOPE-703,YES,YES,YES,YES,1,1,0,1,YES,YES,YES
SYNCOPE-702,YES,YES,NO,YES,2,1,1,0,YES,NO,NO
SYNCOPE-691,YES,YES,YES,YES,2,1,1,8,YES,YES,YES
SYNCOPE-689,YES,YES,YES,NO,2,2,0,7,YES,YES,YES
SYNCOPE-688,YES,YES,YES,YES,2,2,0,2,YES,YES,YES
SYNCOPE-686,YES,YES,YES,YES,3,2,1,20,YES,YES,YES
SYNCOPE-684,YES,YES,YES,YES,2,1,0,12,YES,YES,YES
SYNCOPE-683,YES,YES,YES,YES,1,1,1,2,YES,YES,YES
SYNCOPE-682,YES,YES,YES,YES,1,1,1,2,YES,YES,YES
SYNCOPE-678,YES,YES,YES,YES,2,1,0,4,YES,YES,YES
SYNCOPE-677,YES,YES,YES,YES,1,1,0,1,YES,YES,YES
SYNCOPE-673,YES,YES,YES,YES,3,1,0,6,YES,YES,YES
SYNCOPE-672,YES,YES,YES,YES,2,1,1,2,YES,YES,YES
SYNCOPE-671,YES,YES,YES,YES,2,1,1,5,YES,YES,YES
SYNCOPE-670,YES,YES,YES,YES,2,1,1,26,YES,YES,YES
SYNCOPE-669,YES,YES,YES,YES,2,1,0,2,YES,YES,YES
SYNCOPE-668,YES,YES,YES,YES,1,1,0,2,YES,YES,YES
SYNCOPE-664,YES,YES,YES,YES,2,1,0,2,YES,YES,YES
SYNCOPE-659,YES,YES,YES,YES,1,0,0,0,YES,NO,NO
SYNCOPE-658,YES,YES,YES,YES,3,2,0,9,YES,YES,YES
SYNCOPE-656,YES,YES,YES,YES,2,1,0,0,YES,NO,NO
SYNCOPE-655,YES,YES,YES,YES,1,1,1,0,YES,NO,NO
SYNCOPE-654,YES,YES,YES,YES,6,5,2,19,YES,YES,YES
SYNCOPE-649,YES,YES,YES,YES,0,0,0,0,NO,NO,NO
SYNCOPE-647,YES,YES,YES,YES,2,1,1,8,YES,YES,YES
SYNCOPE-644,YES,YES,YES,YES,2,1,1,2,YES,YES,YES
SYNCOPE-643,YES,YES,YES,YES,2,1,1,2,YES,YES,YES
SYNCOPE-641,YES,YES,YES,YES,5,4,0,7,YES,YES,YES
SYNCOPE-639,YES,YES,YES,YES,2,1,2,2,YES,YES,YES
SYNCOPE-638,YES,YES,YES,YES,2,2,0,3,YES,YES,YES
SYNCOPE-632,YES,YES,YES,YES,2,2,0,18,YES,YES,YES
SYNCOPE-629,YES,YES,YES,YES,2,2,1,3,YES,YES,YES
SYNCOPE-625,YES,YES,NO,YES,1,1,0,1,YES,YES,YES
SYNCOPE-617,YES,YES,YES,YES,1,1,0,2,YES,YES,YES
SYNCOPE-615,YES,YES,YES,YES,1,1,0,4,YES,YES,YES
SYNCOPE-614,YES,YES,YES,YES,1,1,0,2,YES,YES,YES
SYNCOPE-613,YES,YES,YES,YES,1,1,1,4,YES,YES,YES
SYNCOPE-611,YES,YES,YES,YES,1,1,0,1,YES,YES,YES
SYNCOPE-610,YES,YES,YES,YES,0,0,0,0,NO,NO,NO
SYNCOPE-608,YES,YES,YES,YES,1,1,0,1,YES,YES,YES
SYNCOPE-607,YES,YES,YES,YES,1,1,1,1,YES,YES,YES
SYNCOPE-605,YES,YES,YES,YES,1,1,0,5,YES,YES,YES
SYNCOPE-603,YES,YES,YES,YES,1,1,0,1,YES,YES,YES
SYNCOPE-601,YES,YES,YES,YES,2,2,0,3,YES,YES,YES
SYNCOPE-600,YES,YES,YES,YES,1,1,0,1,YES,YES,YES
SYNCOPE-598,YES,YES,YES,YES,1,1,1,4,YES,YES,YES
SYNCOPE-597,YES,YES,YES,YES,1,1,0,3,YES,YES,YES
SYNCOPE-596,YES,YES,YES,YES,1,1,0,0,YES,NO,NO
SYNCOPE-578,YES,YES,YES,YES,1,1,0,5,YES,YES,YES
SYNCOPE-576,YES,YES,YES,YES,1,1,0,9,YES,YES,YES
SYNCOPE-574,YES,YES,YES,YES,1,1,0,1,YES,YES,YES
SYNCOPE-572,YES,YES,YES,YES,1,1,0,7,YES,YES,YES
SYNCOPE-571,YES,YES,YES,YES,1,1,0,1,YES,YES,YES
SYNCOPE-569,YES,YES,YES,YES,1,1,0,0,YES,NO,NO
SYNCOPE-568,YES,YES,YES,YES,3,2,0,3,YES,YES,YES
SYNCOPE-567,YES,YES,YES,YES,1,1,0,1,YES,YES,YES
SYNCOPE-566,YES,YES,YES,YES,2,1,0,1,YES,YES,YES
SYNCOPE-565,YES,YES,YES,YES,2,1,0,2,YES,YES,YES
SYNCOPE-564,YES,YES,YES,YES,1,1,0,5,YES,YES,YES
SYNCOPE-563,YES,YES,NO,NO,0,0,0,0,NO,NO,NO
SYNCOPE-562,YES,YES,YES,YES,2,1,1,2,YES,YES,YES
SYNCOPE-561,YES,YES,YES,YES,2,1,0,0,YES,NO,NO
SYNCOPE-560,YES,YES,YES,YES,2,1,0,0,YES,NO,NO
SYNCOPE-557,YES,YES,YES,YES,2,2,0,4,YES,YES,YES
SYNCOPE-556,YES,YES,YES,YES,2,1,0,1,YES,YES,YES
SYNCOPE-554,YES,YES,YES,YES,1,1,0,5,YES,YES,YES
SYNCOPE-553,YES,YES,YES,YES,2,1,0,2,YES,YES,YES
SYNCOPE-551,YES,YES,YES,YES,2,1,0,1,YES,YES,YES
SYNCOPE-549,YES,YES,YES,YES,2,1,0,2,YES,YES,YES
SYNCOPE-548,YES,YES,YES,YES,2,1,0,0,YES,NO,NO
SYNCOPE-547,YES,YES,YES,YES,7,4,1,4,YES,YES,YES
SYNCOPE-546,YES,YES,YES,YES,1,1,1,8,YES,YES,YES
SYNCOPE-545,YES,YES,YES,YES,3,1,0,2,YES,YES,YES
SYNCOPE-543,YES,YES,YES,YES,4,2,0,8,YES,YES,YES
SYNCOPE-540,YES,YES,YES,YES,4,2,1,0,YES,NO,NO
SYNCOPE-539,YES,YES,YES,YES,2,1,0,0,YES,NO,NO
SYNCOPE-532,YES,YES,YES,YES,3,3,3,14,YES,YES,YES
SYNCOPE-531,YES,YES,YES,YES,4,4,2,4,YES,YES,YES
SYNCOPE-527,YES,YES,NO,YES,1,1,0,3,YES,YES,YES
SYNCOPE-515,YES,YES,YES,YES,2,1,1,23,YES,YES,YES
SYNCOPE-514,YES,YES,YES,YES,1,1,1,0,YES,NO,NO
SYNCOPE-512,YES,YES,YES,YES,1,0,0,1,YES,YES,YES
SYNCOPE-510,YES,YES,YES,YES,1,1,0,6,YES,YES,YES
SYNCOPE-509,YES,YES,YES,YES,2,1,0,10,YES,YES,YES
SYNCOPE-506,YES,YES,YES,YES,1,1,0,2,YES,YES,YES
SYNCOPE-504,YES,YES,YES,YES,2,1,1,22,YES,YES,YES
SYNCOPE-501,YES,YES,YES,YES,3,2,0,10,YES,YES,YES
SYNCOPE-500,YES,YES,YES,YES,3,2,1,2,YES,YES,YES
SYNCOPE-499,YES,YES,YES,YES,2,1,0,8,YES,YES,YES
SYNCOPE-498,YES,YES,NO,YES,1,1,0,11,YES,YES,YES
SYNCOPE-497,YES,YES,NO,YES,1,1,0,6,YES,YES,YES
SYNCOPE-495,YES,YES,YES,YES,2,2,2,4,YES,YES,YES
SYNCOPE-490,YES,YES,YES,YES,1,1,0,2,YES,YES,YES
SYNCOPE-489,YES,YES,YES,YES,1,1,0,2,YES,YES,YES
SYNCOPE-484,YES,YES,YES,YES,1,1,0,3,YES,YES,YES
SYNCOPE-483,YES,YES,YES,YES,2,2,2,1,YES,YES,YES
SYNCOPE-482,YES,YES,YES,YES,1,1,0,0,YES,NO,NO
SYNCOPE-481,YES,YES,YES,NO,0,0,0,0,NO,NO,NO
SYNCOPE-477,YES,YES,YES,YES,2,2,0,49,YES,YES,YES
SYNCOPE-476,YES,YES,YES,YES,3,3,0,74,YES,YES,YES
SYNCOPE-475,YES,YES,YES,YES,2,1,0,4,YES,YES,YES
SYNCOPE-474,YES,YES,YES,YES,1,1,0,3,YES,YES,YES
SYNCOPE-466,YES,YES,YES,YES,2,1,0,10,YES,YES,YES
SYNCOPE-465,YES,YES,YES,YES,4,2,2,18,YES,YES,YES
SYNCOPE-462,YES,YES,YES,YES,2,1,0,1,YES,YES,YES
SYNCOPE-459,YES,YES,YES,YES,3,2,1,14,YES,YES,YES
SYNCOPE-458,YES,YES,YES,YES,1,1,0,11,YES,YES,YES
SYNCOPE-457,YES,YES,YES,YES,1,1,0,2,YES,YES,YES
SYNCOPE-456,YES,YES,YES,NO,1,1,0,0,YES,NO,NO
SYNCOPE-455,YES,YES,YES,YES,2,1,1,6,YES,YES,YES
SYNCOPE-454,YES,YES,YES,YES,2,1,0,25,YES,YES,YES
SYNCOPE-453,YES,YES,YES,YES,1,1,1,3,YES,YES,YES
SYNCOPE-452,YES,YES,YES,YES,2,1,0,0,YES,NO,NO
SYNCOPE-440,YES,YES,YES,YES,2,1,0,2,YES,YES,YES
SYNCOPE-437,YES,YES,YES,YES,2,2,0,6,YES,YES,YES
SYNCOPE-436,YES,YES,YES,YES,3,3,1,7,YES,YES,YES
SYNCOPE-435,YES,YES,YES,YES,2,2,0,36,YES,YES,YES
SYNCOPE-434,YES,YES,YES,YES,2,2,0,4,YES,YES,YES
SYNCOPE-433,YES,YES,YES,YES,2,2,1,4,YES,YES,YES
SYNCOPE-426,YES,YES,YES,YES,2,1,0,9,YES,YES,YES
SYNCOPE-423,YES,YES,YES,YES,8,7,5,152,YES,YES,YES
SYNCOPE-419,YES,YES,YES,YES,2,1,0,4,YES,YES,YES
SYNCOPE-418,YES,YES,YES,YES,3,2,0,58,YES,YES,YES
SYNCOPE-417,YES,YES,YES,YES,2,1,0,2,YES,YES,YES
SYNCOPE-414,YES,YES,YES,YES,1,1,0,0,YES,NO,NO
SYNCOPE-412,YES,YES,YES,YES,1,1,0,2,YES,YES,YES
SYNCOPE-404,YES,YES,YES,YES,2,1,0,4,YES,YES,YES
SYNCOPE-401,YES,YES,YES,YES,0,0,0,0,NO,NO,NO
SYNCOPE-400,YES,YES,YES,YES,2,1,0,1,YES,YES,YES
SYNCOPE-399,YES,YES,YES,YES,2,1,1,1,YES,YES,YES
SYNCOPE-398,YES,YES,YES,YES,2,1,0,0,YES,NO,NO
SYNCOPE-397,YES,YES,YES,YES,2,1,2,4,YES,YES,YES
SYNCOPE-396,YES,YES,YES,YES,1,1,1,1,YES,YES,YES
SYNCOPE-394,YES,YES,YES,YES,3,3,0,16,YES,YES,YES
SYNCOPE-387,YES,YES,YES,YES,2,1,1,0,YES,NO,NO
SYNCOPE-386,YES,YES,YES,YES,2,1,0,1,YES,YES,YES
SYNCOPE-385,YES,YES,YES,YES,2,1,0,1,YES,YES,YES
SYNCOPE-384,YES,YES,YES,YES,2,2,0,0,YES,NO,NO
SYNCOPE-383,YES,YES,YES,YES,2,1,1,2,YES,YES,YES
SYNCOPE-382,YES,YES,YES,YES,0,0,0,0,NO,NO,NO
SYNCOPE-381,YES,YES,YES,YES,2,1,2,2,YES,YES,YES
SYNCOPE-380,YES,YES,YES,YES,0,0,0,0,NO,NO,NO
SYNCOPE-377,YES,YES,YES,YES,0,0,0,0,NO,NO,NO
SYNCOPE-376,YES,YES,YES,YES,2,1,0,0,YES,NO,NO
SYNCOPE-375,YES,YES,YES,YES,2,1,0,0,YES,NO,NO
SYNCOPE-373,YES,YES,YES,YES,2,1,0,5,YES,YES,YES
SYNCOPE-372,YES,YES,YES,YES,2,2,0,2,YES,YES,YES
SYNCOPE-371,YES,YES,YES,YES,2,2,2,0,YES,NO,NO
SYNCOPE-370,YES,YES,YES,YES,2,1,0,0,YES,NO,NO
SYNCOPE-369,YES,YES,YES,YES,2,1,0,2,YES,YES,YES
SYNCOPE-368,YES,YES,YES,YES,2,1,0,9,YES,YES,YES
SYNCOPE-366,YES,YES,YES,YES,0,0,0,0,NO,NO,NO
SYNCOPE-365,YES,YES,YES,YES,1,1,1,3,YES,YES,YES
SYNCOPE-364,YES,YES,YES,YES,3,2,0,5,YES,YES,YES
SYNCOPE-363,YES,YES,YES,YES,2,1,0,1,YES,YES,YES
SYNCOPE-361,YES,YES,YES,YES,3,2,1,6,YES,YES,YES
SYNCOPE-360,YES,YES,YES,YES,1,0,0,0,YES,NO,NO
SYNCOPE-358,YES,YES,YES,YES,3,2,1,3,YES,YES,YES
SYNCOPE-357,YES,YES,YES,YES,2,2,0,10,YES,YES,YES
SYNCOPE-356,YES,YES,YES,YES,2,1,1,2,YES,YES,YES
SYNCOPE-354,YES,YES,YES,YES,2,1,1,3,YES,YES,YES
SYNCOPE-353,YES,YES,YES,YES,2,1,0,1,YES,YES,YES
SYNCOPE-352,YES,YES,YES,YES,2,1,0,1,YES,YES,YES
SYNCOPE-351,YES,YES,YES,YES,3,2,1,4,YES,YES,YES
SYNCOPE-349,YES,YES,YES,YES,3,3,0,66,YES,YES,YES
SYNCOPE-347,YES,YES,YES,YES,0,0,0,0,NO,NO,NO
SYNCOPE-343,YES,YES,YES,YES,1,1,0,20,YES,YES,YES
SYNCOPE-342,YES,YES,YES,YES,2,2,0,0,YES,NO,NO
SYNCOPE-341,YES,YES,YES,YES,2,2,0,11,YES,YES,YES
SYNCOPE-339,YES,YES,YES,YES,2,2,2,4,YES,YES,YES
SYNCOPE-338,YES,YES,YES,YES,1,1,0,7,YES,YES,YES
SYNCOPE-336,YES,YES,NO,YES,3,3,3,24,YES,YES,YES
SYNCOPE-334,YES,YES,YES,YES,1,1,0,2,YES,YES,YES
SYNCOPE-332,YES,YES,YES,YES,2,2,0,15,YES,YES,YES
SYNCOPE-330,YES,YES,YES,YES,1,1,1,4,YES,YES,YES
SYNCOPE-329,YES,YES,NO,YES,1,1,1,12,YES,YES,YES
SYNCOPE-328,YES,YES,NO,YES,1,1,0,8,YES,YES,YES
SYNCOPE-327,YES,YES,YES,YES,5,5,4,16,YES,YES,YES
SYNCOPE-325,YES,YES,YES,YES,2,2,0,0,YES,NO,NO
SYNCOPE-323,YES,YES,YES,YES,1,1,0,15,YES,YES,YES
SYNCOPE-322,YES,YES,NO,YES,1,1,1,0,YES,NO,NO
SYNCOPE-321,YES,YES,YES,YES,1,1,0,4,YES,YES,YES
SYNCOPE-320,YES,YES,YES,YES,1,1,0,1,YES,YES,YES
SYNCOPE-318,YES,YES,NO,YES,1,1,1,1,YES,YES,YES
SYNCOPE-317,YES,YES,YES,YES,1,1,1,12,YES,YES,YES
SYNCOPE-316,YES,YES,YES,YES,2,2,0,2,YES,YES,YES
SYNCOPE-315,YES,YES,YES,YES,5,5,2,67,YES,YES,YES
SYNCOPE-314,YES,YES,YES,YES,2,2,2,2,YES,YES,YES
SYNCOPE-312,YES,YES,NO,YES,2,2,1,10,YES,YES,YES
SYNCOPE-310,YES,YES,YES,YES,4,4,1,13,YES,YES,YES
SYNCOPE-309,YES,YES,YES,YES,4,4,3,16,YES,YES,YES
SYNCOPE-308,YES,YES,YES,YES,3,3,0,4,YES,YES,YES
SYNCOPE-307,YES,YES,YES,YES,5,5,1,11,YES,YES,YES
SYNCOPE-306,YES,YES,NO,YES,1,1,0,1,YES,YES,YES
SYNCOPE-305,YES,YES,NO,YES,0,0,0,0,NO,NO,NO
SYNCOPE-302,YES,YES,YES,YES,1,1,1,6,YES,YES,YES
SYNCOPE-301,YES,YES,YES,YES,2,2,1,16,YES,YES,YES
SYNCOPE-297,YES,YES,NO,YES,1,1,0,5,YES,YES,YES
SYNCOPE-294,YES,YES,YES,YES,2,2,0,6,YES,YES,YES
SYNCOPE-292,YES,YES,YES,YES,2,2,0,2,YES,YES,YES
SYNCOPE-285,YES,YES,NO,YES,3,3,0,24,YES,YES,YES
SYNCOPE-284,YES,YES,YES,YES,1,1,0,20,YES,YES,YES
SYNCOPE-274,YES,YES,YES,YES,2,2,1,2,YES,YES,YES
SYNCOPE-272,YES,YES,YES,YES,2,2,0,3,YES,YES,YES
SYNCOPE-269,YES,YES,YES,YES,2,2,0,2,YES,YES,YES
SYNCOPE-267,YES,YES,YES,YES,3,3,2,6,YES,YES,YES
SYNCOPE-262,YES,YES,YES,YES,2,2,0,6,YES,YES,YES
SYNCOPE-260,YES,YES,YES,YES,7,7,4,45,YES,YES,YES
SYNCOPE-240,YES,YES,YES,YES,0,0,0,0,NO,NO,NO
SYNCOPE-238,YES,YES,YES,YES,1,1,0,4,YES,YES,YES
SYNCOPE-237,YES,YES,YES,YES,1,1,0,7,YES,YES,YES
SYNCOPE-236,YES,YES,YES,YES,1,1,1,1,YES,YES,YES
SYNCOPE-234,YES,YES,YES,YES,1,1,0,0,YES,NO,NO
SYNCOPE-233,YES,YES,YES,YES,2,2,1,0,YES,NO,NO
SYNCOPE-232,YES,YES,YES,YES,2,2,0,2,YES,YES,YES
SYNCOPE-230,YES,YES,YES,YES,1,1,0,5,YES,YES,YES
SYNCOPE-228,YES,YES,YES,YES,1,1,0,4,YES,YES,YES
SYNCOPE-226,YES,YES,YES,YES,0,0,0,0,NO,NO,NO
SYNCOPE-224,YES,YES,YES,YES,1,1,0,13,YES,YES,YES
SYNCOPE-220,YES,YES,YES,YES,1,1,0,0,YES,NO,NO
SYNCOPE-217,YES,YES,YES,YES,2,2,1,2,YES,YES,YES
SYNCOPE-214,YES,YES,YES,YES,1,1,0,2,YES,YES,YES
SYNCOPE-211,YES,YES,YES,YES,1,1,1,1,YES,YES,YES
SYNCOPE-202,YES,YES,YES,YES,1,1,1,7,YES,YES,YES
SYNCOPE-197,YES,YES,NO,YES,1,1,0,1,YES,YES,YES
SYNCOPE-196,YES,YES,YES,YES,18,18,0,553,YES,YES,YES
SYNCOPE-194,YES,YES,YES,YES,23,23,5,500,YES,YES,YES
SYNCOPE-192,YES,YES,YES,YES,27,27,6,642,YES,YES,YES
SYNCOPE-191,YES,YES,YES,YES,27,27,3,126,YES,YES,YES
SYNCOPE-187,YES,YES,YES,YES,28,28,0,624,YES,YES,YES
SYNCOPE-185,YES,YES,YES,YES,23,23,4,136,YES,YES,YES
SYNCOPE-183,YES,YES,YES,YES,24,24,4,178,YES,YES,YES
SYNCOPE-182,YES,YES,YES,YES,20,20,2,520,YES,YES,YES
SYNCOPE-181,YES,YES,YES,YES,21,21,4,395,YES,YES,YES
SYNCOPE-180,YES,YES,YES,YES,24,24,8,1113,YES,YES,YES
SYNCOPE-179,YES,YES,YES,YES,23,23,6,712,YES,YES,YES
SYNCOPE-178,YES,YES,YES,YES,21,21,3,429,YES,YES,YES
SYNCOPE-118,YES,YES,YES,YES,20,20,4,80,YES,YES,YES
SYNCOPE-117,YES,YES,YES,YES,23,23,2,105,YES,YES,YES
SYNCOPE-115,YES,YES,YES,YES,23,23,4,223,YES,YES,YES
SYNCOPE-114,YES,YES,YES,YES,40,40,5,439,YES,YES,YES
SYNCOPE-113,YES,YES,YES,YES,20,20,10,110,YES,YES,YES
SYNCOPE-112,YES,YES,YES,YES,27,27,11,127,YES,YES,YES
SYNCOPE-111,YES,YES,YES,YES,37,37,9,100,YES,YES,YES
SYNCOPE-108,YES,YES,YES,YES,33,33,9,207,YES,YES,YES
SYNCOPE-106,YES,YES,YES,YES,38,38,13,362,YES,YES,YES
SYNCOPE-104,YES,YES,YES,YES,46,46,17,567,YES,YES,YES
SYNCOPE-103,YES,YES,YES,YES,27,27,8,206,YES,YES,YES
SYNCOPE-102,YES,YES,YES,YES,18,18,10,104,YES,YES,YES
SYNCOPE-101,YES,YES,YES,YES,33,33,12,159,YES,YES,YES
SYNCOPE-99,YES,YES,YES,YES,28,28,6,116,YES,YES,YES
SYNCOPE-97,YES,YES,YES,YES,25,25,1,107,YES,YES,YES
SYNCOPE-96,YES,YES,YES,YES,19,19,9,40,YES,YES,YES
SYNCOPE-95,YES,YES,YES,YES,56,56,11,1115,YES,YES,YES
SYNCOPE-94,YES,YES,YES,YES,34,34,8,70,YES,YES,YES
SYNCOPE-92,YES,YES,YES,YES,15,15,3,21,YES,YES,YES
SYNCOPE-90,YES,YES,YES,YES,10,10,3,74,YES,YES,YES
SYNCOPE-86,YES,YES,YES,YES,17,17,2,258,YES,YES,YES
SYNCOPE-84,YES,YES,YES,YES,13,13,5,113,YES,YES,YES
SYNCOPE-83,YES,YES,YES,YES,8,8,1,79,YES,YES,YES
SYNCOPE-82,YES,YES,YES,YES,17,17,6,703,YES,YES,YES
SYNCOPE-81,YES,YES,YES,YES,16,16,5,102,YES,YES,YES
SYNCOPE-80,YES,YES,YES,YES,39,39,15,164,YES,YES,YES
SYNCOPE-77,YES,YES,YES,YES,19,19,6,216,YES,YES,YES
SYNCOPE-75,YES,YES,YES,YES,34,34,6,355,YES,YES,YES
SYNCOPE-72,YES,YES,YES,YES,35,34,4,152,YES,YES,YES
SYNCOPE-71,YES,YES,YES,YES,48,46,10,222,YES,YES,YES
SYNCOPE-70,YES,YES,YES,YES,80,79,9,301,YES,YES,YES
SYNCOPE-68,YES,YES,YES,YES,19,17,4,253,YES,YES,YES
SYNCOPE-65,YES,YES,YES,YES,27,23,4,539,YES,YES,YES
SYNCOPE-63,YES,YES,YES,YES,25,22,3,51,YES,YES,YES
SYNCOPE-61,YES,YES,YES,YES,9,9,2,45,YES,YES,YES
SYNCOPE-58,YES,YES,YES,YES,16,16,15,171,YES,YES,YES
SYNCOPE-54,YES,YES,YES,YES,29,17,5,56,YES,YES,YES
SYNCOPE-52,YES,YES,YES,YES,17,14,4,106,YES,YES,YES
SYNCOPE-49,YES,YES,YES,YES,14,13,3,61,YES,YES,YES
SYNCOPE-48,YES,YES,YES,YES,23,20,4,93,YES,YES,YES
SYNCOPE-47,YES,YES,YES,YES,20,18,3,292,YES,YES,YES
SYNCOPE-46,YES,YES,YES,YES,19,11,3,135,YES,YES,YES
SYNCOPE-43,YES,YES,YES,YES,20,18,3,202,YES,YES,YES
SYNCOPE-41,YES,YES,YES,YES,21,13,2,94,YES,YES,YES
SYNCOPE-40,YES,YES,YES,YES,23,19,4,91,YES,YES,YES
SYNCOPE-39,YES,YES,YES,YES,24,19,8,204,YES,YES,YES
SYNCOPE-37,YES,YES,YES,YES,14,9,3,8,YES,YES,YES
SYNCOPE-36,YES,YES,YES,YES,18,10,2,40,YES,YES,YES
SYNCOPE-34,YES,YES,YES,YES,16,15,0,111,YES,YES,YES
SYNCOPE-33,YES,YES,YES,YES,14,14,7,84,YES,YES,YES
SYNCOPE-32,YES,YES,YES,YES,22,22,11,84,YES,YES,YES
SYNCOPE-31,YES,YES,YES,YES,29,29,8,190,YES,YES,YES
SYNCOPE-30,YES,YES,YES,YES,21,20,6,373,YES,YES,YES
SYNCOPE-29,YES,YES,YES,YES,21,21,4,222,YES,YES,YES
SYNCOPE-27,YES,YES,YES,YES,20,20,5,116,YES,YES,YES
SYNCOPE-23,YES,YES,YES,YES,96,96,29,593,YES,YES,YES
SYNCOPE-21,YES,YES,YES,YES,15,15,2,60,YES,YES,YES
SYNCOPE-18,YES,YES,YES,YES,266,266,38,4304,YES,YES,YES
SYNCOPE-17,YES,YES,YES,YES,260,260,39,4321,YES,YES,YES
SYNCOPE-16,YES,YES,YES,YES,221,221,36,3178,YES,YES,YES
SYNCOPE-12,YES,YES,YES,YES,301,301,64,2842,YES,YES,YES
SYNCOPE-11,YES,YES,YES,YES,274,272,50,2660,YES,YES,YES
SYNCOPE-10,YES,YES,YES,YES,315,315,89,2216,YES,YES,YES
SYNCOPE-8,YES,YES,YES,YES,175,175,52,2048,YES,YES,YES
SYNCOPE-3,YES,YES,YES,YES,213,182,53,1129,YES,YES,YES
SYNCOPE-1,YES,YES,YES,YES,3221,3183,667,39412,YES,YES,YES
